study_hours,attendance,previous_marks,assignment_score,sleep_hours,pass
4.37,84.91,50.18,68.55,6.05,0
9.56,76.8,69.8,66.36,5.99,1
7.59,65.48,88.01,41.41,8.63,0
6.39,90.69,80.27,58.77,6.0,1
2.4,84.24,84.36,60.91,6.09,1
2.4,58.13,76.23,61.94,8.04,0
1.52,95.55,78.08,71.91,6.8,1
8.8,91.13,86.71,69.35,8.11,1
6.41,97.49,53.73,73.43,5.26,1
7.37,86.29,66.92,82.07,6.95,1
1.19,80.67,52.17,84.71,5.13,1
9.73,70.91,94.32,79.5,5.25,1
8.49,96.64,91.92,92.55,8.63,1
2.91,93.3,42.17,41.0,5.56,0
2.64,52.26,78.81,50.77,7.13,0
2.65,51.32,90.89,40.42,6.64,0
3.74,68.82,49.93,75.61,6.39,0
5.72,90.53,71.24,89.39,8.6,1
4.89,99.36,90.35,53.39,5.09,1
3.62,57.52,41.87,90.99,7.66,0
6.51,79.71,78.36,43.31,8.85,0
2.26,69.04,56.35,91.39,7.24,1
3.63,98.5,90.84,59.34,8.75,1
4.3,92.11,93.41,45.58,5.21,1
5.1,91.92,91.93,66.72,6.68,1
8.07,73.43,66.08,54.12,6.04,0
2.8,70.74,87.41,55.67,7.92,1
5.63,63.67,86.45,56.9,8.93,0
6.33,52.82,57.55,84.17,6.03,0
1.42,93.24,85.59,69.65,7.62,1
6.47,90.65,42.04,57.12,5.79,0
2.53,99.99,72.79,73.57,7.26,1
1.59,99.83,52.65,79.39,6.86,1
9.54,77.77,46.63,54.99,8.89,0
9.69,88.45,44.23,62.75,7.43,0
8.28,97.24,78.3,46.7,6.4,1
3.74,92.48,58.69,49.96,5.46,0
1.88,62.37,79.86,77.46,5.6,1
7.16,72.53,43.59,49.98,5.9,0
4.96,56.46,57.34,68.88,6.0,0
2.1,97.7,69.67,79.0,8.4,1
5.46,80.31,83.49,45.88,7.24,1
1.31,61.43,57.53,71.2,7.09,0
9.18,83.59,74.42,54.11,5.46,1
3.33,80.91,88.73,92.96,8.44,1
6.96,67.91,73.87,66.6,7.89,0
3.81,55.68,52.81,84.33,5.27,0
5.68,83.58,41.34,70.26,7.83,0
5.92,76.02,87.86,42.39,7.17,0
2.66,88.62,41.17,74.82,5.33,0
9.73,76.01,88.11,92.33,6.83,1
7.98,92.61,69.09,73.09,6.94,1
9.46,77.6,91.65,85.06,5.66,1
9.05,78.05,83.93,88.63,8.78,1
6.38,93.83,94.89,52.54,8.4,1
9.3,70.17,59.29,51.66,7.68,0
1.8,56.7,82.2,73.6,6.85,0
2.76,51.44,62.11,62.61,6.65,0
1.41,87.76,66.39,86.19,7.6,1
3.93,81.02,74.51,89.5,7.18,1
4.5,85.2,88.05,59.44,5.25,1
3.44,60.65,94.12,53.03,7.05,0
8.46,56.82,82.26,82.93,8.23,1
4.21,50.73,62.98,55.11,6.84,0
3.53,67.53,63.17,85.24,5.21,1
5.88,79.5,80.57,63.31,8.15,1
2.27,69.61,53.13,76.72,5.81,0
8.22,71.87,46.08,45.25,6.03,0
1.67,95.21,59.5,74.31,5.66,1
9.88,67.41,55.8,64.85,6.32,0
7.95,75.7,56.3,72.26,8.03,0
2.79,89.18,52.85,49.24,7.08,0
1.05,69.83,42.32,80.53,5.82,0
8.34,81.1,40.98,87.45,8.51,1
7.36,93.12,94.32,51.92,8.52,1
7.56,97.48,63.53,45.26,8.48,1
7.94,57.35,61.14,41.3,5.96,0
1.67,96.33,77.38,75.31,6.8,1
4.23,74.61,52.0,73.39,8.94,0
2.04,62.91,92.25,70.07,8.09,1
8.77,72.96,83.25,52.76,5.11,1
6.61,99.0,44.92,61.5,5.26,1
3.98,74.63,62.97,72.7,6.86,0
1.57,66.44,88.35,67.32,8.64,1
3.8,81.67,91.96,94.33,7.15,1
3.93,62.01,65.71,47.5,6.99,0
7.57,53.79,73.74,78.23,5.42,0
6.74,56.44,49.19,62.24,7.63,0
8.98,56.4,94.51,63.55,8.29,1
5.25,57.6,52.74,79.47,6.52,0
2.08,56.94,91.85,78.08,8.1,1
7.42,82.04,75.73,94.52,8.86,1
7.85,59.09,73.43,47.06,5.82,0
6.05,67.28,68.2,45.73,7.09,0
7.94,94.84,52.69,79.84,6.15,1
5.44,73.7,49.71,71.81,8.17,0
5.7,83.38,52.13,55.08,7.31,0
4.85,58.62,50.25,44.37,7.54,0
1.23,59.61,82.88,44.71,8.19,0
1.97,52.04,59.26,89.18,6.58,0
1.28,58.45,43.18,50.55,8.66,0
6.73,63.93,93.3,57.79,7.13,1
3.83,58.85,88.61,52.47,5.63,0
5.58,54.44,91.03,59.52,7.78,0
9.17,56.03,94.72,43.82,8.17,0
3.24,73.04,49.56,68.55,6.27,0
4.69,60.32,61.79,43.72,8.43,0
7.8,68.21,81.7,84.02,8.62,1
3.06,75.17,78.28,52.85,6.11,0
1.69,84.52,48.46,69.7,8.93,0
3.61,51.97,84.87,88.4,5.56,1
2.45,89.97,52.34,75.8,5.81,1
9.37,81.4,52.31,69.31,5.74,0
8.27,54.09,69.53,57.84,8.58,0
6.7,93.68,72.61,58.32,7.62,1
8.84,96.04,71.9,76.82,5.61,1
8.23,53.05,45.03,94.68,6.76,0
2.68,63.84,88.26,76.4,7.46,1
9.03,90.31,54.61,70.68,5.33,1
5.85,87.41,47.12,80.19,8.53,1
8.27,59.23,88.88,65.59,8.21,1
9.06,60.47,92.56,43.31,7.02,0
3.86,68.52,87.42,70.93,8.87,1
1.99,74.23,84.52,92.67,6.67,1
3.05,80.91,76.04,49.64,8.94,0
4.84,68.45,70.3,77.95,7.67,1
8.36,73.13,44.78,51.05,7.54,0
8.75,87.37,62.46,69.47,5.66,1
1.06,51.83,60.5,45.32,8.53,0
5.6,62.62,54.29,64.77,6.71,0
4.76,85.67,79.79,81.59,5.65,1
3.0,94.76,67.27,59.12,5.05,1
2.08,75.58,44.46,76.57,7.24,0
4.04,76.61,52.11,83.75,7.11,1
9.49,55.36,77.58,90.99,7.88,1
3.91,72.37,44.19,52.91,8.56,0
5.67,76.63,86.82,61.96,5.32,1
7.33,62.12,67.23,48.38,7.93,0
4.27,63.46,66.43,94.59,5.75,1
9.75,68.86,72.58,90.99,8.43,1
9.66,51.0,85.36,69.7,8.28,0
3.27,66.1,59.13,86.31,7.16,0
5.48,60.57,77.29,68.65,7.84,0
3.71,66.37,71.12,74.3,6.26,0
3.56,55.99,54.69,44.9,6.88,0
1.33,94.53,88.32,81.54,8.29,1
6.49,79.68,83.86,47.02,6.84,1
5.52,83.96,76.21,85.43,6.43,1
1.46,89.46,86.78,83.01,6.98,1
3.51,74.92,87.7,78.98,8.31,1
9.17,54.35,78.96,41.99,6.34,0
3.16,76.86,86.04,56.67,5.7,1
2.3,79.34,78.36,54.47,7.85,0
5.41,87.27,77.41,59.81,8.3,1
9.87,71.58,74.02,44.82,5.4,0
3.18,56.38,81.4,91.53,5.96,1
7.05,64.19,48.72,70.46,5.57,0
7.85,68.15,88.45,56.8,6.39,1
3.14,82.3,87.95,61.83,6.8,1
7.55,78.54,41.61,64.6,8.0,0
4.31,67.8,85.42,73.03,7.6,1
6.69,99.33,47.09,68.36,7.48,1
6.7,80.29,58.43,90.57,6.41,1
5.82,61.86,80.89,67.33,8.37,0
1.81,55.09,48.84,94.57,6.89,0
8.52,57.64,84.99,86.83,8.92,1
3.89,62.3,85.77,51.47,7.54,0
2.68,58.03,67.91,91.18,5.51,0
1.37,59.33,40.35,46.4,7.7,0
6.32,64.25,55.79,84.96,6.3,0
7.1,58.67,73.93,60.93,7.75,0
1.15,94.84,93.97,88.29,5.28,1
5.61,54.01,74.75,87.74,5.7,1
3.04,76.23,54.29,84.33,8.42,1
6.81,70.52,74.87,83.45,5.91,1
2.57,99.12,69.7,56.76,8.35,1
7.22,55.6,82.89,44.45,6.12,0
4.48,69.89,45.88,62.16,7.57,0
9.43,98.47,81.86,49.54,7.78,1
2.24,93.28,69.77,78.22,7.05,1
4.07,90.85,92.96,59.04,6.22,1
2.02,62.9,58.8,93.66,5.85,0
9.32,58.54,74.79,75.25,5.13,0
8.9,83.43,91.26,85.24,6.22,1
3.32,96.47,45.64,47.29,7.61,0
6.94,77.84,91.55,87.41,8.75,1
8.35,78.58,77.83,90.75,8.48,1
6.0,64.0,43.73,66.79,8.06,0
5.77,88.47,56.55,73.34,8.15,1
3.18,59.35,78.95,82.06,7.66,1
1.84,66.18,43.7,49.62,6.04,0
9.07,71.27,72.02,67.64,8.63,1
9.1,75.38,59.02,61.93,7.68,0
6.7,62.12,74.15,48.05,7.24,0
4.05,55.74,42.52,60.21,5.44,0
4.14,80.53,87.93,43.75,6.79,1
7.53,64.43,93.54,41.42,6.84,0
9.07,79.06,93.29,47.43,8.46,1
8.98,57.72,81.23,92.97,7.19,1
8.02,74.06,47.15,70.22,6.52,0
6.78,76.63,81.7,93.12,8.91,1
1.76,52.59,41.35,63.79,5.44,0
2.45,66.83,41.22,57.15,6.69,0
9.09,56.72,57.8,67.84,5.17,0
6.46,53.17,66.88,64.17,7.96,0
1.08,99.5,82.37,45.81,8.67,1
1.91,66.12,77.58,75.25,6.12,1
6.97,90.49,64.52,51.88,8.43,1
1.05,62.73,55.05,74.08,6.17,0
2.45,84.08,94.84,75.76,8.64,1
5.94,88.01,63.44,48.36,8.02,0
7.23,79.78,64.83,43.37,8.22,0
6.87,73.58,49.0,82.94,5.07,0
3.02,70.59,83.71,65.29,8.85,1
7.41,67.44,78.15,43.2,7.91,0
3.14,96.48,52.14,94.72,6.22,1
3.93,91.53,44.53,43.18,8.32,0
7.72,98.25,77.43,78.23,6.13,1
6.85,56.21,76.0,94.1,8.49,1
8.64,86.54,55.03,53.15,5.45,0
6.92,96.92,92.3,47.82,7.81,1
6.11,59.06,48.31,46.68,7.16,0
1.84,53.32,63.78,56.68,5.39,0
4.31,87.06,91.9,45.56,5.97,1
3.39,78.72,63.09,78.07,5.05,1
3.2,92.09,75.12,43.43,6.88,1
9.76,56.99,61.87,68.02,6.21,0
4.54,89.76,55.08,94.82,7.39,1
9.03,60.08,94.12,84.77,6.19,1
6.68,58.18,62.51,73.84,6.2,0
8.15,58.21,89.18,56.84,7.97,0
5.52,90.73,52.65,74.31,5.19,1
6.19,83.26,51.72,68.99,8.61,0
5.43,76.15,41.71,63.43,8.41,0
2.76,67.94,75.84,47.19,7.67,0
7.5,93.86,60.27,88.76,7.37,1
3.53,69.62,87.54,64.74,8.57,1
1.22,90.83,66.03,50.7,5.74,0
6.81,71.96,93.25,60.23,5.32,1
2.59,68.85,50.2,62.78,5.96,0
9.46,73.13,87.77,85.51,8.18,1
9.59,65.07,82.71,80.35,5.14,1
9.23,87.38,82.4,82.31,7.33,1
4.33,75.14,86.46,40.61,8.98,0
1.14,61.61,81.86,62.89,8.42,0
9.35,94.98,74.44,66.47,7.09,1
4.85,69.19,47.22,41.06,5.25,0
9.7,77.18,41.79,54.29,8.33,0
9.67,95.32,90.65,81.82,7.4,1
8.68,81.21,73.92,47.54,5.46,0
3.65,55.84,83.81,69.44,5.38,0
4.47,96.99,66.48,51.84,8.64,1
8.66,81.39,46.45,40.67,7.68,0
3.85,66.75,46.89,53.27,8.32,0
2.53,56.96,77.71,93.67,8.52,1
6.01,89.7,63.67,84.08,7.29,1
9.43,81.0,51.03,92.78,7.07,1
7.26,76.67,67.04,66.83,6.72,1
6.13,94.69,43.53,46.04,6.27,0
1.87,89.43,72.01,70.14,6.74,1
6.54,57.58,54.79,64.99,8.1,0
9.91,65.59,83.87,86.44,7.41,1
2.26,62.42,57.07,45.39,8.57,0
5.66,87.2,65.04,66.85,6.77,1
8.9,51.68,40.64,48.25,7.43,0
7.67,78.49,43.98,57.86,7.53,0
7.27,88.12,61.59,80.55,7.37,1
7.32,93.84,66.4,66.18,7.81,1
4.24,67.1,73.0,60.67,5.95,0
3.64,91.06,56.04,61.7,7.05,1
8.28,55.53,78.22,65.27,5.42,0
8.29,92.32,87.31,83.18,6.54,1
8.8,56.37,82.89,89.06,6.95,1
9.22,69.86,42.18,92.54,7.61,0
5.6,89.86,66.43,83.28,8.8,1
5.51,57.5,45.77,57.35,7.4,0
8.18,61.46,53.31,77.85,7.97,0
6.85,86.11,94.27,64.07,7.03,1
7.32,86.0,47.84,54.01,7.54,0
8.16,82.06,67.44,86.25,5.28,1
9.01,84.7,74.0,42.11,6.02,0
4.04,77.14,78.64,89.6,6.45,1
4.38,62.59,70.78,65.38,6.89,0
1.85,67.28,40.54,75.05,5.18,0
6.2,59.08,57.96,76.26,5.56,0
1.32,95.42,68.47,89.23,6.11,1
5.19,79.17,44.83,75.02,8.89,0
5.88,70.04,59.28,73.77,6.33,0
3.58,73.1,41.83,43.67,6.93,0
6.32,97.36,44.32,68.51,5.78,1
1.27,57.67,61.83,48.26,7.44,0
1.34,79.31,47.3,80.56,6.12,0
8.4,75.29,71.21,68.17,5.83,1
4.24,80.57,77.92,77.41,7.07,1
2.14,50.91,84.03,42.29,5.02,0
5.7,93.61,51.01,44.66,5.03,0
7.93,96.61,49.21,79.4,5.88,1
2.94,78.26,45.75,43.96,5.15,0
6.61,84.83,75.0,43.92,5.43,0
1.77,96.12,78.86,40.67,6.36,1
1.47,85.36,41.74,92.61,8.21,1
5.78,57.63,91.49,80.56,7.29,1
5.87,78.81,42.86,59.43,7.05,0
6.74,80.34,69.77,56.31,6.17,0
7.53,71.21,79.0,59.23,8.73,1
9.78,86.82,87.9,82.61,6.59,1
5.65,96.72,79.27,76.38,5.35,1
3.91,96.28,84.1,50.19,7.47,1
8.16,72.54,58.67,49.58,5.46,0
3.44,55.66,84.82,45.41,6.38,0
4.95,99.24,44.41,76.32,7.03,1
1.71,91.94,89.21,82.04,8.5,1
1.23,56.23,70.12,54.58,6.97,0
9.66,96.04,84.95,41.15,7.81,1
8.52,93.49,64.88,44.52,8.97,1
7.26,75.94,75.4,93.23,5.53,1
4.68,79.56,68.95,56.25,6.1,0
2.56,69.95,80.24,82.31,6.58,1
2.41,52.74,44.49,74.36,6.69,0
3.25,66.76,43.32,61.01,6.64,0
5.94,90.14,53.59,51.31,8.63,0
7.43,50.23,48.77,46.68,7.86,0
6.94,66.67,87.95,73.83,7.43,1
3.52,69.91,52.06,82.6,6.24,0
9.59,76.87,93.67,75.41,8.3,1
7.64,95.99,58.53,69.17,8.82,1
5.99,67.32,50.02,42.31,8.28,0
6.51,67.35,83.43,93.27,5.01,1
4.78,86.88,76.23,83.93,7.55,1
3.23,72.61,67.4,56.11,5.2,0
4.2,61.23,70.54,93.9,6.03,1
7.82,72.62,79.56,73.1,5.24,1
1.13,57.04,52.57,72.03,7.42,0
2.04,58.82,94.8,81.14,7.75,1
1.41,74.92,93.61,84.65,5.46,1
1.37,70.95,75.77,76.11,6.54,1
8.7,95.74,50.97,47.05,6.82,0
7.33,68.12,77.41,58.6,6.48,0
5.27,79.03,43.97,91.04,5.48,1
1.88,81.61,41.69,52.35,6.68,0
5.42,50.65,54.17,60.47,8.0,0
5.26,83.18,65.44,63.76,5.28,1
2.56,58.9,87.75,64.17,5.32,0
4.9,98.05,79.99,73.71,6.42,1
4.59,57.43,80.85,91.87,8.77,1
6.54,70.73,63.4,53.24,7.67,0
6.72,54.27,59.03,46.68,7.71,0
1.41,99.84,60.41,50.86,6.45,1
4.37,75.11,94.32,88.78,7.37,1
6.63,79.77,42.21,75.52,5.04,0
5.53,53.35,87.69,55.72,7.54,0
8.71,87.5,71.83,84.88,8.65,1
6.93,60.5,64.12,87.38,7.45,1
2.47,94.9,79.89,86.56,8.49,1
1.64,60.26,66.77,90.54,7.9,0
6.78,59.53,88.04,53.87,5.48,0
1.24,51.83,89.54,81.53,8.61,1
6.27,73.6,63.19,65.33,5.27,0
9.46,78.24,55.23,86.31,7.14,1
6.18,53.29,72.58,80.07,5.57,0
4.49,88.78,90.18,82.7,5.05,1
6.79,72.66,51.59,76.09,6.69,0
5.12,76.22,74.26,49.76,6.18,0
5.91,72.04,74.74,69.98,6.94,1
9.47,70.04,80.32,94.16,7.31,1
4.47,77.98,47.24,91.56,5.17,1
9.65,57.76,79.37,42.37,5.49,0
9.15,59.1,90.0,49.06,7.23,0
2.76,93.09,49.88,47.25,6.37,0
1.62,97.31,53.06,79.93,7.92,1
1.91,68.67,93.43,84.98,7.61,1
1.16,63.54,49.95,51.74,8.38,0
1.85,82.2,86.99,67.82,7.77,1
7.15,70.44,67.08,86.24,6.72,1
1.64,51.27,53.6,80.3,7.69,0
3.87,57.81,87.89,69.82,6.1,0
8.6,85.8,64.49,72.47,6.23,1
1.21,82.95,68.31,67.96,8.16,1
8.33,51.35,59.76,56.37,6.79,0
3.54,61.1,72.61,71.08,8.19,0
2.06,61.55,48.99,77.89,8.29,0
7.27,83.59,61.51,88.03,8.43,1
6.66,50.99,93.32,75.0,8.67,1
8.9,55.21,54.2,81.86,6.72,0
7.62,90.0,76.12,48.8,6.28,1
8.23,58.93,57.89,65.39,7.33,0
3.54,82.64,82.54,40.51,6.48,0
2.6,61.91,47.2,53.57,7.4,0
7.76,54.97,93.34,79.96,7.82,1
8.26,62.16,64.96,94.55,7.75,1
9.91,86.11,52.98,45.45,6.5,0
4.71,92.78,44.04,62.08,5.67,0
4.35,91.51,49.34,84.0,6.72,1
7.99,69.86,68.59,51.22,5.57,0
4.07,83.4,58.54,70.53,8.56,1
9.38,60.25,85.59,80.32,6.38,1
8.73,64.66,63.7,73.88,5.62,0
4.86,94.82,53.68,50.34,5.1,0
7.76,50.65,73.94,59.55,7.58,0
7.79,54.28,78.87,83.11,7.55,1
1.93,60.39,49.19,70.48,6.36,0
9.12,51.33,49.22,40.29,5.29,0
5.55,59.07,42.02,81.85,6.64,0
8.44,79.15,80.5,41.94,6.24,0
3.88,71.07,76.51,81.02,7.71,1
9.06,94.63,66.1,51.14,7.42,1
4.5,90.87,86.43,92.69,6.46,1
1.1,67.09,84.31,60.24,5.87,0
9.15,62.97,72.19,57.98,8.95,0
1.82,68.98,87.75,48.19,6.82,0
3.87,79.51,51.32,56.81,7.75,0
9.55,63.4,46.16,88.22,5.56,0
9.56,81.21,54.84,94.8,6.94,1
6.16,70.47,43.14,60.26,5.11,0
6.69,77.6,69.21,64.67,7.02,1
5.04,71.81,91.51,79.71,8.86,1
3.64,64.72,42.16,88.74,6.54,0
3.96,97.42,46.72,72.62,5.16,1
7.05,88.18,64.87,61.53,5.12,1
7.77,57.01,91.36,62.69,6.55,0
8.12,93.42,57.39,78.26,5.64,1
8.11,74.37,67.9,40.18,5.09,0
1.82,94.73,42.29,74.08,8.02,1
5.45,89.99,48.16,59.55,6.83,0
1.52,71.26,94.26,83.68,6.16,1
5.95,51.12,93.08,45.11,8.6,0
4.97,63.43,40.27,72.35,5.46,0
8.99,77.08,92.35,66.45,8.82,1
4.16,81.67,75.15,75.33,6.26,1
2.05,62.89,87.74,43.57,8.55,0
2.29,56.97,65.01,71.9,7.41,0
7.85,91.75,68.36,70.88,8.31,1
6.56,99.22,66.89,70.84,8.94,1
1.91,76.28,76.68,73.19,6.15,1
1.76,58.58,47.68,77.21,8.84,0
7.31,63.62,41.65,84.27,6.56,0
1.65,50.92,56.94,54.84,6.54,0
8.4,95.71,78.76,85.38,6.36,1
7.36,55.89,51.1,67.4,7.17,0
1.73,78.83,77.04,44.24,5.62,0
1.76,63.7,93.35,43.22,7.21,0
9.88,77.71,45.16,58.38,7.17,0
4.37,82.57,76.99,83.17,8.05,1
4.34,91.49,64.41,78.92,8.33,1
8.32,60.32,87.75,83.37,6.76,1
9.53,50.55,49.74,68.45,6.21,0
9.87,56.84,78.09,64.21,6.04,0
7.78,95.0,86.1,48.11,5.78,1
4.39,93.69,91.95,58.05,5.23,1
1.75,79.87,77.58,63.87,6.37,1
7.99,80.03,67.34,44.87,6.08,0
6.03,83.25,73.98,52.13,8.87,1
4.82,58.77,87.79,72.9,7.23,1
9.16,95.72,71.38,80.46,6.39,1
2.0,70.94,41.67,94.91,7.32,0
5.43,69.16,91.2,91.32,5.56,1
1.1,75.95,77.92,75.34,6.78,1
5.22,52.35,77.21,63.17,7.5,0
1.51,58.31,51.86,74.99,6.96,0
2.07,86.9,76.24,83.21,6.61,1
2.06,54.14,61.66,46.51,8.98,0
6.84,80.16,75.82,62.54,8.52,1
7.71,62.27,45.86,86.19,7.49,0
6.25,69.46,76.18,61.11,7.28,0
9.66,64.43,94.97,71.45,7.48,1
4.37,67.78,42.65,72.33,5.81,0
3.57,85.95,93.74,50.15,6.58,1
8.82,64.86,62.38,59.92,5.16,0
3.01,78.32,87.89,58.4,6.9,1
9.67,73.8,83.03,41.44,7.17,0
1.11,83.18,71.19,41.33,5.91,0
9.73,96.84,80.61,85.74,8.86,1
1.39,86.63,88.32,55.02,8.64,1
9.02,60.75,62.23,68.49,7.89,0
5.75,51.56,57.99,56.43,7.13,0
9.94,63.11,76.72,91.74,8.48,1
1.66,79.75,84.43,54.26,5.52,1
5.98,52.57,81.93,63.63,8.16,0
9.72,74.82,83.88,88.0,5.5,1
5.71,79.84,63.96,86.31,8.18,1
6.66,66.71,84.98,50.24,6.1,0
7.26,88.55,46.61,84.15,8.51,1
5.09,55.33,69.95,65.2,8.78,0
6.65,53.76,40.32,66.56,5.6,0
6.26,86.41,57.85,47.34,6.85,0
9.11,74.77,60.16,44.43,8.92,0
1.41,84.42,61.79,80.04,6.93,1
3.53,71.74,78.25,67.31,8.45,1
9.55,62.32,61.37,64.03,7.35,0
9.01,90.96,64.68,80.12,6.5,1
5.1,89.97,53.06,82.1,6.14,1
6.58,84.73,60.53,48.74,5.81,0
3.5,63.61,52.5,73.56,8.05,0
2.69,79.51,44.03,47.44,6.55,0
5.17,68.05,73.19,81.33,7.05,1
4.18,54.58,76.75,76.13,6.97,0
6.25,95.87,74.07,92.61,7.31,1
1.7,56.84,65.49,43.79,8.46,0
9.77,97.51,60.89,43.14,8.92,1
9.88,72.3,87.48,55.52,6.63,1
